"","ID","Description","setSize","enrichmentScore","NES","pvalue","p.adjust","qvalue","rank","leading_edge","core_enrichment"
"MODULE_83","MODULE_83","MODULE_83",185,0.546459310953589,2.44707849779192,8.66796151093889e-14,2.66184430039422e-09,2.63880120903014e-09,3648,"tags=63%, list=33%, signal=43%","NDUFB7/GTF2A2/PSMB1/KPNA2/CDC123/SEC61B/EIF3M/RPS8/IMP3/PRELID1/RPL28/RPL23A/MRPL21/RPSA/MRPL33/DNPH1/RPL27A/EIF3E/PSMA1/SNRPE/HSPA8/RPL35/RACK1/RPLP1/RPL29/RPL10A/NDUFS4/EIF3I/MDH1/RPL4/MRPL30/IDH1/DAD1/ARPC3/YBX1/UXT/RPS20/EIF5A/RPL15/MRPS18B/POLR2G/RPLP0/RPL18A/PSMB7/PSMB3/RPS4X/TMEM147/RPL12/RPL32/NDUFAB1/PSMD8/PRDX5/EEF1G/CCT8/DAP3/STRAP/ACADM/RPS11/SRP19/NSA2/PABPC1/RPL17/RPS3A/RPL5/RRP9/RPS24/RPS19/SOD1/TMED2/NDUFA1/EIF4H/PSMC2/CCT3/PSMA4/EEF2/RPL7A/EIF3G/RPL24/RNASEH2C/PSMA3/HSBP1/TPT1/RPL8/RPS27A/RAN/OAT/RPLP2/RPL35A/PHB2/RPL21/PIH1D1/RPL23/MTPN/SUB1/SNRPB/CDC40/RPL14/XPO1/RPL7/EEF1D/PSMD1/ALDH9A1/RPL13/HINT1/RPS15/RPS18/EIF3H/RPL13A/RPS16/SRP14/RPS10/RPL27/RPS5/BLOC1S1/RPL37/SNRPF"
"REACTOME_TRANSLATION","REACTOME_TRANSLATION","REACTOME_TRANSLATION",231,0.46817895328721,2.16476655088354,9.04770425497505e-11,1.38922974983014e-06,1.37720344609544e-06,3629,"tags=55%, list=33%, signal=38%","WARS2/MRPL36/MRPS22/MRPL37/MRPS31/SEC61B/CHCHD1/MRPL28/MRPS2/MRPS21/MRPL40/RARS1/EIF3M/MRPS10/RPS8/MRPL11/MRPL9/MRPL43/SSR3/RPL28/RPL23A/MRPL21/RPSA/MRPL33/RPL27A/EIF3E/EIF2B4/RPL35/SEC61A1/MRPS18C/RPLP1/RPL29/RPL10A/EIF3I/RPL36/RPL4/EIF3K/MRPL30/MRPL55/RPS20/RPN1/RPL15/MRPL12/MRPS18B/EIF5/EIF2B2/EIF2B3/FARSB/RPLP0/RPL18A/MRPL42/RPS4X/MRPL54/RPL12/RPL32/MRPL13/EEF1G/EIF3L/MRPS15/DAP3/RPS11/SRP19/RPN2/MRPS25/PABPC1/MRPS9/RPL17/HARS1/MRPS5/RPS3A/RPL5/RPS24/MRPS16/RPL30/RPS19/EIF4H/MTIF3/FARS2/EEF2/QARS1/RPL7A/CARS2/MRPS30/DDOST/SSR1/EIF3G/RPS7/RPL24/MRPS18A/MRPL35/TRMT112/SARS1/MRPL18/RPL8/RPS27A/MARS1/RPLP2/RPL35A/MRPS11/MRPS27/MRPL39/RPL21/RPL23/EIF2S1/AIMP2/RPL14/MRPL38/MRPS23/RPL7/FARSA/EEF1D/MRPS35/MRPL15/EIF2S2/RPL13/RPS15/RPS18/EIF3H/EIF2B5/RPL13A/RPS16/MRPS28/SRP14/RPS10/RPL27/RPS5/RPL37"
"MODULE_114","MODULE_114","MODULE_114",195,0.469820406966613,2.12602888957896,3.40050371151599e-09,3.48086894923149e-05,3.45073571371067e-05,3187,"tags=50%, list=29%, signal=36%","MGST1/NDUFB7/GTF2A2/CNIH1/PSMB1/SEC61B/GABARAPL2/EIF3M/IMP3/PRELID1/RPL28/RPL23A/MRPL21/WDR83OS/RPSA/MRPL33/RPL27A/EIF3E/SNRPE/HSPA8/CSNK2B/RPL35/RACK1/RPLP1/SNRPC/RPL29/RPL10A/NDUFS4/EIF3I/MDH1/RPL4/EIF3K/DAD1/ARPC3/XPNPEP1/UXT/RPS20/RPL15/MRPS18B/SF3B5/RPLP0/RPL18A/PSMB7/RPS4X/TMEM147/RPL12/RPL32/NDUFAB1/PSMD8/CIB1/EEF1G/CCT8/STRAP/TPI1/ACADM/RPS11/NSA2/PABPC1/RPL17/RPE/ATP5F1B/RPS3A/ZNF451/RRP9/RPS24/RPS19/SOD1/NDUFA1/CCT3/PSMA4/EEF2/RPL7A/EIF3G/TPRKB/RPL24/RNASEH2C/HSBP1/TPT1/DPP7/RPL8/RPS27A/OAT/RPLP2/RPL35A/PHB2/RPL21/PIH1D1/RPL23/MTPN/SNRPB/CDC40/RTRAF/ARPC2/RPL14/RPL7/EEF1D/PCNA"
"MODULE_151","MODULE_151","MODULE_151",189,0.464442276192517,2.08981598791513,6.90427438145317e-09,5.30058404950113e-05,5.25469787857913e-05,3612,"tags=56%, list=32%, signal=38%","MGST1/NDUFB7/GTF2A2/CNIH1/PSMB1/SEC61B/GABARAPL2/EIF3M/IMP3/PRELID1/RPL28/RPL23A/MRPL21/WDR83OS/RPSA/MRPL33/RPL27A/EIF3E/SNRPE/HSPA8/CSNK2B/RPL35/RACK1/RPLP1/SNRPC/RPL29/RPL10A/NDUFS4/EIF3I/MDH1/RPL4/EIF3K/DAD1/ARPC3/XPNPEP1/UXT/RPS20/RPL15/MRPS18B/SF3B5/RPLP0/RPL18A/RPS4X/RPL12/RPL32/NDUFAB1/PSMD8/CIB1/ACTR2/EEF1G/CCT8/STRAP/TPI1/ACADM/RPS11/NSA2/RPL17/RPE/ATP5F1B/RPS3A/ZNF451/RRP9/RPS24/RPS19/SOD1/NDUFA1/CCT3/PSMA4/EEF2/RPL7A/EIF3G/TPRKB/RPL24/RNASEH2C/HSBP1/DPP7/RPL8/RPS27A/OAT/RPL35A/PHB2/RPL21/PIH1D1/RPL23/MTPN/SNRPB/CDC40/RTRAF/ARPC2/RPL14/RPL7/EEF1D/PCNA/ALDH9A1/RPL13/HINT1/EIF3H/RPL13A/DPY30/RPS16/M6PR/RPS10/RPL27/RPS5/BLOC1S1"
"BUSSLINGER_DUODENAL_TRANSIT_AMPLIFYING_CELLS","BUSSLINGER_DUODENAL_TRANSIT_AMPLIFYING_CELLS","BUSSLINGER_DUODENAL_TRANSIT_AMPLIFYING_CELLS",95,0.5690166779375,2.34240869986101,2.34537369823552e-08,0.000144048161798229,0.000142801163635093,3629,"tags=68%, list=33%, signal=47%","MGST1/HSP90B1/RPS8/RPL28/RPL27A/IDH2/RPL35/RACK1/RPLP1/RPL29/RPL10A/RPL36/RPL4/EIF3K/YBX1/RPS20/RPL15/SF3B5/RPLP0/RPL18A/RPS4X/ATP5F1C/SLC25A3/RPL12/RPL32/NDUFAB1/EEF1G/EIF3L/TPI1/RPS11/ESD/RPL17/ATP5F1B/RPS3A/RPL5/RPS24/RPS19/NDUFA1/EEF2/RPL7A/RPS7/RPL24/NDUFB9/EI24/RPL8/RPS27A/RAN/RPLP2/RPL35A/PHB2/PSMA5/RPL23/ATP5PD/RPL14/RPL7/RPL13/HINT1/RPS15/RPS18/RPL13A/RPS16/TXN/RPL27/RPS5/RPL37"
"MORF_NPM1","MORF_NPM1","MORF_NPM1",96,0.560284320321353,2.31021833820043,5.79683889885918e-08,0.000254307322492952,0.000252105831269032,3629,"tags=68%, list=33%, signal=46%","UBA2/PSMB1/EIF3M/RPS8/RPL28/RPL23A/RPL27A/EIF3E/SNRPE/RPL35/RACK1/RPLP1/RPL29/RPL10A/EIF4G2/RPL4/ARPC3/YBX1/RPS20/RPL15/ACP1/RPLP0/RPL18A/RPS4X/SLC25A3/RPL12/RPL32/EEF1G/STRAP/RPS11/PABPC1/RPL17/RPS3A/RPL5/RPS24/RPL30/RPS19/EEF2/COPS6/RPS7/RPL24/TPT1/RPL8/RPS27A/RAN/RPLP2/PHB2/RPL21/RPL23/SNRPB/RPL14/RPL7/EEF1D/RPL13/CCT7/HINT1/RPS18/EIF3H/RPL13A/RPS16/SRP14/RPS10/RPL27/RPS5/RPL37"
"GOCC_MITOCHONDRIAL_PROTEIN_CONTAINING_COMPLEX","GOCC_MITOCHONDRIAL_PROTEIN_CONTAINING_COMPLEX","GOCC_MITOCHONDRIAL_PROTEIN_CONTAINING_COMPLEX",164,0.478312301686438,2.11723823832135,5.39574350743697e-08,0.000254307322492952,0.000252105831269032,3105,"tags=52%, list=28%, signal=38%","NDUFB4/NDUFB11/NDUFB7/NDUFB3/MRPL36/MRPS22/NDUFB2/NDUFB5/MRPL37/NDUFB6/MRPL28/TOMM70/MRPS2/MRPS21/MRPL40/PAM16/MRPS10/NDUFB8/MRPL11/MRPL9/MRPL43/MRPL21/MRPL33/ROMO1/NDUFB10/MRPS18C/NDUFA6/NDUFS4/IDH3G/NDUFA2/TIMM9/TIMM50/ATP5F1D/MRPL30/MRPL55/MRPL12/MRPS18B/SDHD/MRPL42/ATP5F1C/MRPL54/NDUFAB1/MTX2/MRPL13/NDUFA8/PDHA1/MRPS15/MICU3/DAP3/TOMM22/MRPS9/SMDT1/MICOS10/MRPS5/ATP5F1B/MRPS16/NDUFA1/TIMM21/POLRMT/MCCC2/MRPS30/NDUFA11/MRPS18A/IMMP2L/NDUFB9/SDHC/NDUFAF1/TIMM13/NDUFS8/MRPL35/NDUFA10/NDUFA3/MRPL18/WDR93/MRPS11/PHB2/MRPS27/MRPL39/MCU/NDUFA12/IMMT/ATP5PD/TIMM23/SUCLG2/MRPL38"
"REACTOME_EUKARYOTIC_TRANSLATION_INITIATION","REACTOME_EUKARYOTIC_TRANSLATION_INITIATION","REACTOME_EUKARYOTIC_TRANSLATION_INITIATION",95,0.55635589105385,2.29028942376027,8.04131542315442e-08,0.000308675944162061,0.000306003793885591,3629,"tags=64%, list=33%, signal=44%","EIF3M/RPS8/RPL28/RPL23A/RPSA/RPL27A/EIF3E/EIF2B4/RPL35/RPLP1/RPL29/RPL10A/EIF3I/RPL36/RPL4/EIF3K/RPS20/RPL15/EIF5/EIF2B2/EIF2B3/RPLP0/RPL18A/RPS4X/RPL12/RPL32/EIF3L/RPS11/PABPC1/RPL17/RPS3A/RPL5/RPS24/RPL30/RPS19/EIF4H/RPL7A/EIF3G/RPS7/RPL24/RPL8/RPS27A/RPLP2/RPL35A/RPL21/RPL23/EIF2S1/RPL14/RPL7/EIF2S2/RPL13/RPS15/RPS18/EIF3H/EIF2B5/RPL13A/RPS16/RPS10/RPL27/RPS5/RPL37"
"GOMF_STRUCTURAL_CONSTITUENT_OF_RIBOSOME","GOMF_STRUCTURAL_CONSTITUENT_OF_RIBOSOME","GOMF_STRUCTURAL_CONSTITUENT_OF_RIBOSOME",129,0.501370397106165,2.15829323944022,9.39781596924856e-08,0.000320663922888504,0.000317887994908348,3629,"tags=62%, list=33%, signal=42%","MRPL36/MRPS22/MRPL37/MRPS31/MRPL28/MRPS2/MRPS21/RPS8/MRPL11/MRPL9/MRPL43/RPL28/RPL23A/MRPL21/RPSA/MRPL33/RPL27A/RPL35/MRPS18C/RPLP1/RPL29/RPL10A/RPL36/RPL4/MRPL30/MRPL55/RPS20/RPL15/MRPL12/MRPS18B/RPLP0/RPL18A/MRPL42/RPS4X/MRPL54/RPL12/RPL32/MRPL13/MRPS15/DAP3/RPS11/MRPS25/MRPS9/RPL17/MRPS5/RPS3A/RPL5/RPS24/MRPS16/RPL30/RPS19/RPL7A/MRPS30/RPS7/RPL24/MRPS18A/SRBD1/MRPL35/MRPL18/RPL8/RPS27A/RPLP2/RPL35A/MRPS11/RPL21/RPL23/RPL14/MRPS23/RPL7/MRPS35/MRPL15/RPL13/RPS15/RPS18/RPL13A/RPS16/RPS10/RPL27/RPS5/RPL37"
"GOCC_RIBOSOMAL_SUBUNIT","GOCC_RIBOSOMAL_SUBUNIT","GOCC_RIBOSOMAL_SUBUNIT",140,0.49299710461739,2.1391959782562,1.09295844063445e-07,0.000335636607534432,0.000332731063806198,3629,"tags=59%, list=33%, signal=40%","MRPL36/MRPS22/MRPL37/MRPL28/MRPS2/MRPS21/MRPL40/MRPS10/RPS8/MRPL11/MRPL9/MRPL43/RPL28/RPL23A/MRPL21/RPSA/MRPL33/RPL27A/RPL35/RACK1/MRPS18C/RPLP1/RPL29/RPL10A/RPL36/RPL4/MRPL30/MRPL55/RPS20/RPL15/MRPL12/MRPS18B/RPLP0/RPL18A/MRPL42/RPS4X/MRPL54/RPL12/RPL32/MRPL13/MRPS15/DAP3/RPS11/MRPS9/RPL17/MRPS5/RPS3A/RPL5/RPS24/MRPS16/RPL30/RPS19/RPL7A/MRPS30/RPS7/RPL24/MRPS18A/MRPL35/MRPL18/RPL8/RPS27A/RPLP2/RPL35A/MRPS11/MRPS27/MRPL39/RPL21/RPL23/RPL14/MRPL38/RPL7/MRPS35/MRPL15/RPL13/RPS15/RPS18/RPL13A/RPS16/MRPS28/RPS10/RPL27/RPS5/RPL37"
"REACTOME_METABOLISM_OF_AMINO_ACIDS_AND_DERIVATIVES","REACTOME_METABOLISM_OF_AMINO_ACIDS_AND_DERIVATIVES","REACTOME_METABOLISM_OF_AMINO_ACIDS_AND_DERIVATIVES",210,0.436119811101724,1.98510281993139,1.24934795256432e-07,0.000348783875229978,0.000345764518048924,3706,"tags=56%, list=33%, signal=38%","PSAT1/GLUL/FTCD/PSMB1/AGXT/SLC3A2/SQOR/RARS1/RPS8/RPL28/RPL23A/RPSA/GOT2/RPL27A/ALDH18A1/PSMA1/UROC1/QDPR/RPL35/RPLP1/RPL29/RPL10A/RPL36/RPL4/ASL/PSMC6/ADI1/PHGDH/RPS20/SHMT1/RPL15/PYCR3/RPLP0/RPL18A/PSPH/PSMB7/PSMB3/PSMD3/ASS1/RPS4X/PSMB6/MTAP/RPL12/RPL32/AHCY/NDUFAB1/CDO1/PSMD8/SLC7A5/PCBD1/PDHA1/RPS11/RPL17/ETHE1/RPS3A/GOT1/RPL5/LIAS/FAH/RPS24/RPL30/RPS19/PSMC2/PSMA4/QARS1/RPL7A/MCCC2/PIPOX/PSMD11/PSMD13/RPS7/ALDH4A1/RPL24/CTH/SARS1/PSMA3/GSR/ALDH6A1/RPL8/RPS27A/SLC6A8/MARS1/OAT/RPLP2/RPL35A/PSMA5/RPL21/AMDHD1/RPL23/TMLHE/AIMP2/RPL14/SARDH/RPL7/ASRGL1/PSMD1/PSMC4/ALDH9A1/RPL13/PSMF1/PSMD9/RPS15/AASS/RPS18/GCDH/RPL13A/HPD/ACAD8/RPS16/RPS10/RPL27/RPS5/PSMC1/RPL37/PSMD14/LIPT2/PSME3/ASPG"
"TRAVAGLINI_LUNG_PROLIFERATING_BASAL_CELL","TRAVAGLINI_LUNG_PROLIFERATING_BASAL_CELL","TRAVAGLINI_LUNG_PROLIFERATING_BASAL_CELL",427,0.347810835936322,1.72298730960945,1.67694113685579e-07,0.000429143211430871,0.000425428198412337,2759,"tags=36%, list=25%, signal=28%","SOX2/ESRP1/GLUL/PTGR1/NMU/MIF/UBA2/NDUFB5/LAGE3/MRPL37/LSM8/CENPW/PSMB1/KPNA2/CDC123/MRPL28/MTERF3/EIF3M/RPS8/MRPL11/CDK2AP1/SAC3D1/RPL28/DDB2/ATXN10/RPL23A/MRPL21/RPSA/GOT2/RMI2/EIF3E/SNRPE/IDH2/VPS29/CSNK2B/CCNB2/CENPM/RACK1/NDUFB10/RPLP1/RPL29/RPL10A/DKC1/EIF3I/MDH1/IDH3G/RPL4/NRM/EIF3K/ATP5F1D/PHGDH/TALDO1/YBX1/BUB3/UXT/MPC2/RPL15/MRPL12/HAUS4/POLR2G/UBE2C/ACP1/RANBP1/RPLP0/RPL18A/PSMB7/RWDD1/POC1A/POLR1E/RPS4X/ATP5F1C/SLC25A3/NAA10/RPL32/AHCY/EXOSC3/PSMD8/MRPL13/RNASEH2A/WASF2/TSR3/KIFC1/EEF1G/ARFRP1/EIF3L/PDHA1/MRPS15/NUP37/PLK1/TOMM22/STRAP/TPI1/NOP53/TMEM237/METTL23/SMC4/COPS8/RPN2/PABPC1/ESD/MZT1/ZFYVE21/MCM7/TYMS/ETHE1/ATP5F1B/RPS3A/GOT1/UCHL3/MRPS16/RPS19/FKBP3/EIF4H/THOC3/DCK/CCT3/ISOC2/NEK2/NUSAP1/EEF2/RPL7A/KCTD1/PAICS/CARS2/SDHAF3/SNRPD1/CHEK1/SGO1/TPRKB/RPS7/NOP56/EXOSC8/NDUFB9/CARHSP1/RNASEH2C/CDCA3/STOML2/NDUFS8/AP2M1/NDUFA10/UBE2T/LMO4/CDC45/RNASEH2B/MRPL18/POLR2E/RPL8/ALKBH7/RPS27A/NHP2/RAN/NCAPH/OAT"
"REACTOME_METABOLISM_OF_RNA","REACTOME_METABOLISM_OF_RNA","REACTOME_METABOLISM_OF_RNA",466,0.336913874157569,1.69262543208146,2.52091160775933e-07,0.00059549749663601,0.000590342385489941,3652,"tags=49%, list=33%, signal=34%","SMG9/LAGE3/LSM8/PSMB1/GTF2F2/RPS8/IMP3/NOC4L/POLR2C/RPL28/RRP36/RPL23A/RPSA/PPIL1/TTC37/RPL27A/PSMA1/SNRPE/RPP30/FIP1L1/HSPA8/BCAS2/RPL35/RPLP1/TRIT1/SNRPC/RPL29/RPL10A/DKC1/ADAT1/RPL36/RPL4/TP53RK/QTRT1/PSMC6/BOP1/YBX1/RPS20/RPL15/UTP18/WDR4/EXOSC10/SF3B5/POLR2G/CNOT10/LSM6/PCF11/RPLP0/RPL18A/PSMB7/PSMB3/PSMD3/CASC3/NOL9/WDR46/RPS4X/PSMB6/RPL12/THG1L/RPL32/WBP11/SF3B4/MRM3/EXOSC3/PSMD8/GTF2H1/EXOSC6/TSR3/PUS7/TRMT9B/NUP155/NUP37/NCBP1/NUP62/KRR1/WDR12/RAE1/SNUPN/NOL11/RPS11/CNOT3/NXF1/PPP2R1A/PABPC1/MNAT1/FTSJ3/LSM1/RPL17/BUD31/EXOSC2/RPS3A/RIOK1/EXOSC1/SNRNP200/MRM2/RPL5/TRMT44/UTP11/RRP9/RPS24/RTCB/RNPC3/TEX10/RPL30/RPS19/WDR18/THOC3/GTF2H4/GEMIN5/PSMC2/PSMA4/NOP14/RPL7A/POP4/NOP58/TRMT61B/GEMIN8/SNRPD1/SRRT/CNOT11/NOL12/PSMD11/PSMD13/CPSF2/TPRKB/RPS7/NOP56/EXOSC8/RPL24/OSGEP/IMP4/ERCC2/TSEN15/PLRG1/SF3A1/POLR2L/TRMT112/PSMA3/DDX52/EBNA1BP2/DHX16/CTNNBL1/DDX20/SYMPK/GTF2H3/SNRPD3/POLR2E/RPL8/SARNP/PAN2/RPS27A/NUP35/NHP2/FTSJ1/RAN/CWC25/RPLP2/THUMPD1/POLR2H/RPL35A/XAB2/UTP20/PSMA5/TRMT61A/THOC2/RPL21/DDX23/DCP1B/RBM17/RPL23/LSM10/SUPT5H/HNRNPUL1/SNRPB/THOC5/METTL1/POLDIP3/CDC40/THOC6/CNOT9/PRPF8/DDX46/RTRAF/RBM28/UTP4/RPL14/CCNH/XPO1/SNW1/RPL7/SMG8/NSUN6/RIOK2/SF3B6/PSMD1/PSMC4/CRNKL1/PNO1/RIOK3/PUF60/CNOT4/RPL13/PSMF1/AAAS/MRM1/CNOT1/PSMD9/RPS15/EDC4/RPS18/RNGTT/EFTUD2/NOL6/RPL13A/RPP40/NUP93/CSTF1/RPS16/DCP2/POLR2F/RPS10/RPL27/RPS5/PSMC1/TFB1M/RPL37/SNRPF/PSMD14"
"BUSSLINGER_GASTRIC_PARIETAL_CELLS","BUSSLINGER_GASTRIC_PARIETAL_CELLS","BUSSLINGER_GASTRIC_PARIETAL_CELLS",90,0.547764106396934,2.22093061803508,3.3089005970747e-07,0.000725807345968335,0.000719524166676671,2534,"tags=49%, list=23%, signal=38%","GLUL/NDUFB4/TM7SF2/NDUFB7/NDUFB3/NDUFB2/NDUFB5/SERF2/NDUFB8/FGG/TMBIM6/GOT2/DCXR/IDH2/FH/NDUFB10/NDUFA6/NDUFS4/MDH1/TMEM70/REXO2/ATP5F1D/TXNDC17/YBX1/MPC2/DUSP19/ATP5F1C/SLC25A3/MPC1/NDUFAB1/NDUFA8/PRDX5/PDHA1/ACADM/MICOS10/ATP5F1B/GOT1/SOD1/NDUFA1/CS/NDUFB9/SDHC/NDUFS8/NDUFA10"
"GOCC_MITOCHONDRIAL_ENVELOPE","GOCC_MITOCHONDRIAL_ENVELOPE","GOCC_MITOCHONDRIAL_ENVELOPE",336,0.363438454325626,1.79227088914339,3.60446685772384e-07,0.000737930484892276,0.000731542357840218,2908,"tags=43%, list=26%, signal=33%","MGST1/NDUFB4/NDUFB11/NDUFB7/NDUFB3/MRPL36/MRPS22/NDUFB2/NDUFB5/GFER/MRPL37/NDUFB6/MRPS31/CHCHD1/MRPL28/TOMM70/MRPS2/CNP/MRPS21/SQOR/MRPL40/PAM16/MTERF3/MRPS10/NDUFB8/MRPL11/TMBIM6/CHCHD4/MRPL9/MRPL43/PRELID1/ANTKMT/MRPL21/MRPL33/PGAM5/ROMO1/ALDH18A1/HAX1/CEBPZOS/LETMD1/USP30/SLC25A36/NDUFB10/MRPS18C/NDUFA6/NDUFS4/SLC25A38/TMEM70/CHCHD7/NDUFA2/TIMM9/REXO2/TIMM50/STING1/QTRT1/ATP5F1D/MRPL30/AFG1L/MARCHF5/MRPL55/MPC2/MRPL12/TIGAR/MRPS18B/GRAMD4/THOP1/CIAPIN1/SDHD/MRPL42/ASS1/CAT/ABCB10/ATP5F1C/SLC25A3/MPC1/MRPL54/THG1L/NDUFAB1/CLPB/MTX2/MRPL13/NDUFA8/MRPS15/MICU3/TOMM6/DAP3/TOMM22/ACADM/SLC25A51/MRPS25/ECSIT/NDUFAF2/MRPS9/PLA2G4A/SMDT1/SLC25A40/MICOS10/TYMS/MRPS5/FECH/ATP5F1B/RMDN3/MRPS16/TAMM41/SOD1/NDUFA1/GUF1/RTN4IP1/TIMM21/MRPS30/SDHAF3/NDUFA11/ETFDH/MRPS18A/LRRK2/IMMP2L/NDUFB9/NDUFAF5/SDHC/COASY/NDUFAF1/TIMM13/STOML2/NDUFS8/MRPL35/COQ6/NDUFA10/NDUFA3/NOA1/LYRM7/MRPL18/ATP23/RPS27A/CISD2/MIEF2/SIRT4/WDR93/MRPS11/PHB2/PARL/MRPS27/MRPL39/PTPMT1/ATPSCKMT/MCU/ACADVL"
"REACTOME_SIGNALING_BY_ROBO_RECEPTORS","REACTOME_SIGNALING_BY_ROBO_RECEPTORS","REACTOME_SIGNALING_BY_ROBO_RECEPTORS",128,0.495467328956916,2.13650796903318,4.38446772907308e-07,0.00079201540877709,0.000785159078591471,3692,"tags=58%, list=33%, signal=39%","PSMB1/PAK4/RPS8/RPL28/RPL23A/RPSA/RPL27A/PSMA1/RPL35/RPLP1/RPL29/RPL10A/RPL36/RPL4/PSMC6/RPS20/RPL15/RPLP0/RPL18A/PSMB7/PSMB3/PSMD3/CASC3/RPS4X/PSMB6/RPL12/RPL32/PSMD8/CLASP1/NCBP1/RPS11/PABPC1/RPL17/RPS3A/RPL5/RPS24/RPL30/RPS19/PSMC2/PSMA4/RPL7A/EVL/PSMD11/PSMD13/RPS7/RPL24/DAG1/PSMA3/CDC42/RPL8/RPS27A/RPLP2/RPL35A/PSMA5/RPL21/RPL23/RPL14/RPL7/PSMD1/PSMC4/RPL13/PSMF1/PSMD9/RPS15/RPS18/RPL13A/RPS16/RPS10/RPL27/RPS5/PSMC1/RPL37/PSMD14/PSME3"
"REACTOME_REGULATION_OF_EXPRESSION_OF_SLITS_AND_ROBOS","REACTOME_REGULATION_OF_EXPRESSION_OF_SLITS_AND_ROBOS","REACTOME_REGULATION_OF_EXPRESSION_OF_SLITS_AND_ROBOS",121,0.499624281346253,2.13599716346077,4.35940657194533e-07,0.00079201540877709,0.000785159078591471,3692,"tags=58%, list=33%, signal=39%","PSMB1/RPS8/RPL28/RPL23A/RPSA/RPL27A/PSMA1/RPL35/RPLP1/RPL29/RPL10A/RPL36/RPL4/PSMC6/RPS20/RPL15/RPLP0/RPL18A/PSMB7/PSMB3/PSMD3/CASC3/RPS4X/PSMB6/RPL12/RPL32/PSMD8/NCBP1/RPS11/PABPC1/RPL17/RPS3A/RPL5/RPS24/RPL30/RPS19/PSMC2/PSMA4/RPL7A/PSMD11/PSMD13/RPS7/RPL24/DAG1/PSMA3/RPL8/RPS27A/RPLP2/RPL35A/PSMA5/RPL21/RPL23/RPL14/RPL7/PSMD1/PSMC4/RPL13/PSMF1/PSMD9/RPS15/RPS18/RPL13A/RPS16/RPS10/RPL27/RPS5/PSMC1/RPL37/PSMD14/PSME3"
"MURARO_PANCREAS_ACINAR_CELL","MURARO_PANCREAS_ACINAR_CELL","MURARO_PANCREAS_ACINAR_CELL",188,0.431689175740843,1.93291503677303,5.20277731352876e-07,0.000887622714006414,0.000879938729149504,2492,"tags=38%, list=22%, signal=30%","MGST1/PSAT1/ESRP1/GLUL/RBPMS/PTGR1/TM7SF2/RPS8/FGG/DHRS3/SSR3/GCLC/POLDIP2/RPL23A/RPSA/SPTSSA/RPL27A/EIF3E/IDH2/RPL35/RACK1/RPLP1/RPL29/RPL10A/RPL36/RPL4/MAP3K20/ARRDC3/TMEM41A/CCNC/IDH1/PDP1/ADI1/PHGDH/TALDO1/CTSD/XPNPEP1/RPS20/RPLP0/RPL18A/ASS1/RPS4X/RPL12/RPL32/AHCY/UBE2H/EEF1G/EIF3L/RETSAT/NOP53/RPS11/RPN2/AP4B1/PABPC1/RPL17/FAM161A/RPS3A/RPS24/RPL30/RPS19/TMED2/VAPA/GALNT2/EEF2/RPL7A/DUSP23/CREB3L1/RPS7/RPL24/GUCD1/DAG1/RBM47"
"MORF_NME2","MORF_NME2","MORF_NME2",91,0.551856055612878,2.24738506067812,6.49925392763106e-07,0.00098895478887327,0.000980393591078352,3614,"tags=69%, list=32%, signal=47%","MIF/PSMB1/RPS8/RPL23A/RPL27A/SNRPE/RPL35/RACK1/EIF4G2/NDUFA2/ATP6V1F/DNPEP/RPS20/RPL15/RPLP0/RPL18A/RPS4X/ATP5F1C/TMEM147/RPL12/RPL32/PSMD8/TSR3/EEF1G/NEDD8/TBCB/RPS11/PABPC1/RPL17/RPS3A/SSNA1/RPS24/RPL30/RPS19/NDUFA1/EEF2/COPS6/RPS7/RPL24/STOML2/AP2M1/RPL8/RPS27A/RAN/RPLP2/POLR2H/RPL21/SNRPB/PTPA/RPL7/EEF1D/PUF60/RPL13/CCT7/HINT1/RPL13A/UBA1/RPS16/SRP14/RPS10/RPL27/RPS5/PSMC1"
"REACTOME_NONSENSE_MEDIATED_DECAY_NMD","REACTOME_NONSENSE_MEDIATED_DECAY_NMD","REACTOME_NONSENSE_MEDIATED_DECAY_NMD",86,0.550248886766533,2.23090410124812,6.76285472217874e-07,0.00098895478887327,0.000980393591078352,3629,"tags=59%, list=33%, signal=40%","SMG9/RPS8/RPL28/RPL23A/RPSA/RPL27A/RPL35/RPLP1/RPL29/RPL10A/RPL36/RPL4/RPS20/RPL15/RPLP0/RPL18A/CASC3/RPS4X/RPL12/RPL32/NCBP1/RPS11/PPP2R1A/PABPC1/RPL17/RPS3A/RPL5/RPS24/RPL30/RPS19/RPL7A/RPS7/RPL24/RPL8/RPS27A/RPLP2/RPL35A/RPL21/RPL23/RPL14/RPL7/SMG8/RPL13/RPS15/RPS18/RPL13A/RPS16/RPS10/RPL27/RPS5/RPL37"
"GOCC_RIBOSOME","GOCC_RIBOSOME","GOCC_RIBOSOME",153,0.473064349552375,2.06425567968083,6.68702249074392e-07,0.00098895478887327,0.000980393591078352,3629,"tags=56%, list=33%, signal=38%","MRPL36/MRPS22/MRPL37/MRPL28/MRPS2/MRPS21/MRPL40/MRPS10/RPS8/MRPL11/MRPL9/MRPL43/RPL28/RPL23A/MRPL21/RPSA/MRPL33/RPL27A/RPL35/RACK1/MRPS18C/RPLP1/RPL29/RPL10A/RPL36/RPL4/MRPL30/MRPL55/RPS20/RPL15/MRPL12/MRPS18B/RPLP0/RPL18A/MRPL42/RPS4X/MRPL54/RPL12/RPL32/MRPL13/MRPS15/DAP3/RPS11/MRPS9/RPL17/MRPS5/RPS3A/HSPA14/RPL5/RPS24/MRPS16/RPL30/RPS19/EIF2AK4/RPL7A/MRPS30/RPS7/RPL24/MRPS18A/MRPL35/MRPL18/RPL8/RPS27A/RPLP2/RPL35A/MRPS11/MRPS27/MRPL39/RPL21/RPL23/RPL14/MRPL38/RPL7/MRPS35/MRPL15/RPL13/RPS15/RPS18/EIF3H/RPL13A/RPS16/MRPS28/RPS10/RPL27/RPS5/RPL37"
"TRAVAGLINI_LUNG_MESOTHELIAL_CELL","TRAVAGLINI_LUNG_MESOTHELIAL_CELL","TRAVAGLINI_LUNG_MESOTHELIAL_CELL",205,0.409756361531851,1.86528188394338,7.784133574084e-07,0.00108655889966612,0.00107715276122528,2287,"tags=35%, list=21%, signal=28%","MGST1/MIF/MRPL36/NDUFB2/NDUFB5/CNIH1/CENPW/KPNA2/MRPS21/SQOR/EIF3M/RPS8/MRPL11/FGG/PDXK/RBP1/RPL28/RPL23A/RPSA/SPTSSA/PPIL1/RPL27A/SNRPE/DYNLT1/HSPB11/RPL35/DHCR24/RPLP1/RPL29/RPL10A/TMEM70/TRAPPC1/RPL36/RPL4/TIMM9/CUTA/TCTN1/PHGDH/TXNDC17/GCLM/UXT/RPS20/MRPL12/SF3B5/GSTK1/RMDN1/TRAPPC5/RPLP0/RPL18A/RPL12/RPL32/CIB1/DAPK1/PRDX5/EEF1G/TOMM22/ZNF593/RPS11/SRP19/BICC1/RPL17/MICOS10/RPS3A/RPS24/TAF10/RPS19/VAPA/NDUFA1/ISOC2/RPL7A/DUSP23/SNRPD1"
"GOBP_PEPTIDE_BIOSYNTHETIC_PROCESS","GOBP_PEPTIDE_BIOSYNTHETIC_PROCESS","GOBP_PEPTIDE_BIOSYNTHETIC_PROCESS",355,0.355394490939396,1.74655441491394,8.8371378134787e-07,0.00117991158745268,0.0011696973121447,3039,"tags=40%, list=27%, signal=30%","WARS2/PYM1/MRPL36/MRPL37/CDC123/MRPL28/MRPS2/MRPS21/NEURL1/RARS1/ALKBH1/EIF3M/RPS8/MRPL11/MRPL9/MRPL43/GCLC/RPL28/RPL23A/RPSA/METTL17/RPL27A/EIF3E/LTO1/DHX33/EIF2B4/RPL35/RACK1/MRPS18C/RPLP1/RPL29/RPL10A/EIF3I/EIF4G2/NOLC1/RPL36/RPL4/EIF3K/NSUN5/COPS5/GCLM/YBX1/MRPL55/RPS20/EIF5A/SHMT1/RPL15/MRPS18B/EIF5/EIF2B2/POLR2G/EIF2B3/FARSB/CNOT10/RPLP0/RPL18A/CASC3/MRPL42/RWDD1/INPP5E/RPS4X/CDK5RAP1/RPL12/RPL32/EXOSC3/ZAR1L/LTN1/MRPL13/DAPK1/PUS7/EEF1G/ABCF1/EIF3L/MRPS15/NCBP1/PELO/RPS11/CNOT3/PABPC1/LSM1/RPL17/MCTS1/HARS1/TYMS/MRPS5/EXOSC2/RPS3A/KBTBD8/RPL5/RPS24/MRPS16/RPL30/RPS19/EIF2AK4/TMED2/EIF4H/GUF1/RPUSD4/GEMIN5/MTIF3/FARS2/EEF2/QARS1/RPL7A/CARS2/DENR/EIF3G/CNOT11/RPS7/EXOSC8/RPL24/MRPS18A/SRBD1/MAPKAPK5/NGDN/MRPL35/SARS1/NOA1/MRPL18/RPL8/SARNP/BDH2/PAN2/BOLL/RPS27A/DPH6/FTSJ1/MARS1/RPLP2/RPL35A/MRPS11/MRPS27/RPL21/DCP1B/RPL23/DNAJC1/MTPN/POLDIP3/ABCE1/CNOT9/EIF2S1/AIMP2"
"GOBP_PEPTIDE_METABOLIC_PROCESS","GOBP_PEPTIDE_METABOLIC_PROCESS","GOBP_PEPTIDE_METABOLIC_PROCESS",419,0.342512936618546,1.69317775739224,9.38256607985693e-07,0.00120053842394303,0.00119014558594536,3039,"tags=40%, list=27%, signal=30%","WARS2/PYM1/MRPL36/MRPL37/CDC123/MRPL28/MRPS2/MRPS21/NEURL1/RARS1/ALKBH1/EIF3M/RPS8/MRPL11/MRPL9/MRPL43/GCLC/RPL28/RPL23A/RPSA/METTL17/RPL27A/EIF3E/LTO1/DHX33/EIF2B4/ACE2/GLO1/RPL35/RACK1/MRPS18C/RPLP1/CTNS/RPL29/RPL10A/EIF3I/EIF4G2/NOLC1/HPGDS/RPL36/RPL4/EIF3K/NSUN5/G6PD/COPS5/IDH1/GCLM/DNPEP/YBX1/XPNPEP1/TPP1/MRPL55/RPS20/EIF5A/SHMT1/PSENEN/RPL15/MRPS18B/EIF5/EIF2B2/GSTK1/POLR2G/EIF2B3/FARSB/CNOT10/THOP1/RPLP0/RPL18A/CASC3/MRPL42/RWDD1/INPP5E/RPS4X/CPE/CDK5RAP1/RPL12/RPL32/EXOSC3/NAALADL1/ZAR1L/LTN1/MRPL13/DAPK1/PUS7/EEF1G/ABCF1/EIF3L/MRPS15/NCBP1/PELO/RPS11/CNOT3/PABPC1/LSM1/RPL17/MCTS1/HARS1/TYMS/ETHE1/MRPS5/DYRK1A/EXOSC2/RPS3A/KBTBD8/RPL5/RPS24/MRPS16/RPL30/RPS19/EIF2AK4/SOD1/TMED2/EIF4H/GUF1/RPUSD4/GEMIN5/NPEPPS/MTIF3/FARS2/EEF2/QARS1/RPL7A/CARS2/DENR/EIF3G/CNOT11/RPS7/EXOSC8/RPL24/MRPS18A/SRBD1/MAPKAPK5/NGDN/MRPL35/SARS1/GSR/NOA1/MMACHC/MRPL18/RPL8/SARNP/BDH2/PAN2/BOLL/RPS27A/DPH6/FTSJ1/MARS1/RPLP2/RPL35A/MRPS11/PARL/MRPS27/RPL21/DCP1B/ATP6AP2/RPL23/DNAJC1/MTPN/POLDIP3/GLRX2/ABCE1/CNOT9/EIF2S1/CPZ/AIMP2"
"MORF_ACTG1","MORF_ACTG1","MORF_ACTG1",78,0.566825863554343,2.24315747549467,1.06326076123803e-06,0.00128809774931578,0.0012769469265126,3629,"tags=71%, list=33%, signal=48%","PSMB1/RPS8/RPL28/RPL23A/RPL27A/RACK1/RPLP1/RPL29/RPL10A/EIF4G2/RPL4/ARPC3/YBX1/RPS20/RPL15/RPLP0/RPL18A/RPS4X/SLC25A3/RPL12/RPL32/EEF1G/RPS11/PABPC1/RPL17/RPS3A/RPL5/RPS24/RPL30/RPS19/EEF2/RPS7/RPL24/TPT1/RPL8/RPS27A/RAN/RPLP2/RPL21/RPL23/SNRPB/ZFPL1/ARPC2/RPL14/RPL7/RPL13/HINT1/RPS18/RPL13A/RPS16/SRP14/RPS10/RPL27/RPS5/RPL37"
"REACTOME_SRP_DEPENDENT_COTRANSLATIONAL_PROTEIN_TARGETING_TO_MEMBRANE","REACTOME_SRP_DEPENDENT_COTRANSLATIONAL_PROTEIN_TARGETING_TO_MEMBRANE","REACTOME_SRP_DEPENDENT_COTRANSLATIONAL_PROTEIN_TARGETING_TO_MEMBRANE",86,0.544524766649111,2.20769648856027,1.09057740343906e-06,0.00128809774931578,0.0012769469265126,3629,"tags=63%, list=33%, signal=43%","SEC61B/RPS8/SSR3/RPL28/RPL23A/RPSA/RPL27A/RPL35/SEC61A1/RPLP1/RPL29/RPL10A/RPL36/RPL4/RPS20/RPN1/RPL15/RPLP0/RPL18A/RPS4X/RPL12/RPL32/RPS11/SRP19/RPN2/RPL17/RPS3A/RPL5/RPS24/RPL30/RPS19/RPL7A/DDOST/SSR1/RPS7/RPL24/RPL8/RPS27A/RPLP2/RPL35A/RPL21/RPL23/RPL14/RPL7/RPL13/RPS15/RPS18/RPL13A/RPS16/SRP14/RPS10/RPL27/RPS5/RPL37"
"GOCC_RIBONUCLEOPROTEIN_COMPLEX","GOCC_RIBONUCLEOPROTEIN_COMPLEX","GOCC_RIBONUCLEOPROTEIN_COMPLEX",424,0.332758810624057,1.64959181751326,1.20721948170492e-06,0.00137305566902505,0.00136116938130167,3142,"tags=40%, list=28%, signal=30%","ESRP1/MRPL36/MRPS22/MRPL37/LSM8/MRPL28/MRPS2/MRPS21/MRPL40/EIF3M/MRPS10/RPS8/SRA1/MRPL11/IMP3/MRPL9/NOC4L/MRPL43/RPL28/RRP36/DAZAP1/RPL23A/MRPL21/RPSA/MRPL33/PPIL1/RPL27A/EIF3E/PSMA1/SNRPE/RPP30/HSPA8/BCAS2/CELF2/RPL35/RACK1/MRPS18C/RPLP1/SNRPC/RPL29/RPL10A/DKC1/EIF3I/NOLC1/RPL36/RPL4/NAF1/EIF3K/MRPL30/BOP1/YBX1/MRPL55/RPS20/RPL15/MRPL12/UTP18/MRPS18B/SF3B5/LSM6/RPLP0/RPL18A/TEFM/CASC3/MRPL42/RWDD1/WDR46/RPS4X/MRPL54/RPL12/RPL32/WBP11/SF3B4/RRP15/LUC7L3/MRPL13/YJU2/EIF3L/MRPS15/NCBP1/NUP62/KRR1/WDR12/DAP3/RPS11/SRP19/NSA2/PABPC1/MRPS9/FTSJ3/RPL17/BUD31/MRPS5/WAC/DYRK1A/RPS3A/RIOK1/SNRNP200/ZNF622/RPL5/UTP11/RRP9/RPS24/MRPS16/RNPC3/RPL30/RPS19/EIF2AK4/RBMX2/KRI1/NOP14/EEF2/RPL7A/POP4/NOP58/MRPS30/SNRPD1/EIF3G/SRRT/RPS7/NOP56/RPL24/MRPS18A/LRRK2/CWF19L1/IMP4/NGDN/NOP9/PLRG1/SF3A1/MRPL35/EBNA1BP2/DHX16/CTNNBL1/MRPL18/SNRPD3/RPL8/GNL3L/RPS27A/API5/NHP2/ZNF830/CWC25/RPLP2/RPL35A/MRPS11/XAB2/UTP20/MRPS27/MRPL39/RPL21/DDX23/RBM17/PIH1D1/RPL23/LSM10/SNRPB/CDC40/PRPF8/SND1/EIF2S1/PRPF18/RBM28/UTP4/RPL14/MRPL38/XPO1/SNW1/RPL7"
"REACTOME_RRNA_PROCESSING","REACTOME_RRNA_PROCESSING","REACTOME_RRNA_PROCESSING",159,0.447105097549585,1.96392584462622,1.73030962728212e-06,0.00189012466633746,0.00187376220840953,3629,"tags=58%, list=33%, signal=40%","RPS8/IMP3/NOC4L/RPL28/RRP36/RPL23A/RPSA/RPL27A/RPP30/RPL35/RPLP1/RPL29/RPL10A/DKC1/RPL36/RPL4/BOP1/RPS20/RPL15/UTP18/EXOSC10/RPLP0/RPL18A/NOL9/WDR46/RPS4X/RPL12/RPL32/MRM3/EXOSC3/EXOSC6/TSR3/KRR1/WDR12/NOL11/RPS11/FTSJ3/RPL17/EXOSC2/RPS3A/RIOK1/EXOSC1/MRM2/RPL5/UTP11/RRP9/RPS24/TEX10/RPL30/RPS19/WDR18/NOP14/RPL7A/NOP58/NOL12/RPS7/NOP56/EXOSC8/RPL24/IMP4/TRMT112/DDX52/EBNA1BP2/RPL8/RPS27A/NHP2/RPLP2/THUMPD1/RPL35A/UTP20/RPL21/RPL23/RBM28/UTP4/RPL14/RPL7/RIOK2/PNO1/RIOK3/RPL13/MRM1/RPS15/RPS18/NOL6/RPL13A/RPP40/RPS16/RPS10/RPL27/RPS5/TFB1M/RPL37"
"GOBP_AMIDE_BIOSYNTHETIC_PROCESS","GOBP_AMIDE_BIOSYNTHETIC_PROCESS","GOBP_AMIDE_BIOSYNTHETIC_PROCESS",395,0.341189028538229,1.68501034288874,1.78493651124382e-06,0.00189012466633746,0.00187376220840953,3039,"tags=39%, list=27%, signal=30%","WARS2/PYM1/MRPL36/MRPL37/CDC123/MRPL28/MRPS2/MRPS21/NEURL1/RARS1/ALKBH1/EIF3M/RPS8/MRPL11/MRPL9/MRPL43/GCLC/RPL28/RPL23A/RPSA/SPTSSA/METTL17/PLA2G6/RPL27A/EIF3E/LTO1/DHX33/EIF2B4/MLYCD/RPL35/RACK1/MRPS18C/RPLP1/RPL29/RPL10A/EIF3I/EIF4G2/NOLC1/RPL36/RPL4/SMPD4/EIF3K/NSUN5/PPT1/ASL/COPS5/GCLM/YBX1/MRPL55/RPS20/EIF5A/SHMT1/MPC2/RPL15/MRPS18B/EIF5/EIF2B2/POLR2G/EIF2B3/FARSB/CNOT10/RPLP0/RPL18A/CASC3/MRPL42/RWDD1/ASS1/INPP5E/RPS4X/CDK5RAP1/RPL12/RPL32/EXOSC3/ZAR1L/LTN1/MRPL13/DAPK1/PUS7/EEF1G/ABCF1/EIF3L/PDHA1/MRPS15/NCBP1/PELO/RPS11/CNOT3/PABPC1/LSM1/RPL17/MCTS1/HARS1/TYMS/MRPS5/EXOSC2/RPS3A/KBTBD8/RPL5/RPS24/MRPS16/RPL30/RPS19/EIF2AK4/TMED2/VAPA/EIF4H/GUF1/RPUSD4/GEMIN5/MTIF3/ST3GAL2/FARS2/EEF2/QARS1/RPL7A/CARS2/DENR/EIF3G/CNOT11/RPS7/EXOSC8/RPL24/MRPS18A/UGCG/SRBD1/MAPKAPK5/NGDN/MRPL35/SARS1/NOA1/MRPL18/RPL8/SARNP/BDH2/PAN2/BOLL/RPS27A/GBA/DPH6/FTSJ1/MARS1/RPLP2/RPL35A/MRPS11/MRPS27/RPL21/DCP1B/RPL23/DNAJC1/MTPN/POLDIP3/ABCE1/CNOT9/EIF2S1/AIMP2"
"GOBP_AEROBIC_RESPIRATION","GOBP_AEROBIC_RESPIRATION","GOBP_AEROBIC_RESPIRATION",83,0.548115642154259,2.19065453102801,1.99119175728483e-06,0.00191085961482687,0.00189431765830377,3283,"tags=57%, list=29%, signal=40%","NDUFB4/NDUFB7/NDUFB3/NDUFB2/NDUFB5/NDUFB6/NDUFB8/ANTKMT/IDH2/FH/NDUFB10/NDUFA6/NDUFS4/MDH1/IDH3G/NDUFA2/ATP5F1D/IDH1/AFG1L/TEFM/SDHD/CAT/ATP5F1C/NDUFAB1/NDUFA8/PDHA1/NOP53/SLC25A51/ATP5F1B/NDUFA1/ACO2/CS/NDUFB9/SDHC/NDUFAF1/STOML2/NDUFS8/NDUFA10/NDUFA3/ATPSCKMT/NDUFA12/ATP5PD/SUCLG2/ADSL/NDUFS2/ACO1/FXN"
"REACTOME_INFLUENZA_INFECTION","REACTOME_INFLUENZA_INFECTION","REACTOME_INFLUENZA_INFECTION",114,0.498150349071262,2.12181635522618,1.9240899142235e-06,0.00191085961482687,0.00189431765830377,4078,"tags=61%, list=37%, signal=39%","KPNA2/GTF2F2/RPS8/POLR2C/RPL28/RPL23A/RPSA/RPL27A/RPL35/RPLP1/RPL29/RPL10A/RPL36/RPL4/RPS20/RPL15/POLR2G/RPLP0/RPL18A/RPS4X/RPL12/RPL32/NUP155/NUP37/NUP62/RAE1/RPS11/RPL17/RPS3A/RPL5/RPS24/RPL30/RPS19/RPL7A/RPS7/RPL24/POLR2L/POLR2E/RPL8/RPS27A/NUP35/RAN/RPLP2/POLR2H/RPL35A/RPL21/RPL23/RPL14/XPO1/RPL7/RPL13/AAAS/RPS15/RPS18/RPL13A/NUP93/RPS16/POLR2F/RPS10/RPL27/RPS5/RPL37/POLR2A/RPL19/NUP160/RPS6/NUP133/RPL9/RPL38/NUP107"
"BUSSLINGER_DUODENAL_DIFFERENTIATING_STEM_CELLS","BUSSLINGER_DUODENAL_DIFFERENTIATING_STEM_CELLS","BUSSLINGER_DUODENAL_DIFFERENTIATING_STEM_CELLS",139,0.458617414211275,1.97911573901657,1.96359130881283e-06,0.00191085961482687,0.00189431765830377,3648,"tags=60%, list=33%, signal=41%","MGST1/HSP90B1/SERF2/RPS8/RPL28/RPL27A/EIF3E/SNRPE/IDH2/HSPA8/RPL35/RACK1/RPLP1/RPL29/RPL10A/RPL36/RPL4/EIF3K/YBX1/RPS20/RPL15/SF3B5/RPLP0/RPL18A/RPS4X/SLC25A3/RPL12/RPL32/AHCY/NDUFAB1/EEF1G/EIF3L/RPS11/SMC4/PABPC1/ESD/MCM7/RPL17/ATP5F1B/RPS3A/RPL5/RPS24/RPL30/RPS19/SOD1/EEF2/RPL7A/PAICS/NOP58/RPS7/NOP56/CS/RPL24/NDUFB9/EI24/RPL8/CDCA7/RPS27A/RAN/RPLP2/RPL35A/PHB2/RPL23/SNRPB/ATP5PD/RPL14/RPL7/PCNA/NRARP/CCT6A/RPL13/HINT1/RPS15/RPS18/RPL13A/RPS16/SUCLG1/TXN/RPL27/TOMM40/RPS5/RPL37/SNRPF"
"GSE21927_SPLEEN_C57BL6_VS_EL4_TUMOR_BALBC_MONOCYTES_DN","GSE21927_SPLEEN_C57BL6_VS_EL4_TUMOR_BALBC_MONOCYTES_DN","GSE21927_SPLEEN_C57BL6_VS_EL4_TUMOR_BALBC_MONOCYTES_DN",127,0.465544913521583,1.99815856313402,2.21807953549115e-06,0.00206409104410296,0.00204622259157702,2825,"tags=40%, list=25%, signal=30%","PSAT1/MIF/NDUFB6/SEC61B/ALG8/MRPS2/MRPL40/RARS1/POLDIP2/RPSA/SKA1/PDIA4/SNRPE/RPP30/AATF/HSPA8/DKC1/ALG3/EIF4G2/FANCL/PSMG1/PHGDH/YBX1/UTP18/NUDC/PSMD8/CLPB/SLC7A5/ABCF1/DNAAF2/SMC4/MNAT1/MCM7/BUD31/RTCB/MCM4/PPAT/GTF2H4/MRPS30/CFAP20/DNAJC2/MRPS18A/RWDD2B/STOML2/GTPBP4/HSBP1/MED20/POLR2E/NHP2/POLR2H/HCFC1"
"HALLMARK_OXIDATIVE_PHOSPHORYLATION","HALLMARK_OXIDATIVE_PHOSPHORYLATION","HALLMARK_OXIDATIVE_PHOSPHORYLATION",117,0.493212342650948,2.09907806589205,2.4143515264334e-06,0.00211835202929267,0.00210001384950317,3799,"tags=64%, list=34%, signal=43%","NDUFB4/NDUFB7/NDUFB3/MRPS22/NDUFB2/NDUFB5/NDUFB6/TOMM70/NDUFB8/MRPL11/GOT2/IDH2/FH/NDUFA6/NDUFS4/MDH1/IDH3G/NDUFA2/TIMM9/TIMM50/ATP5F1D/ATP6V1F/IDH1/PDP1/SDHD/ATP5F1C/SLC25A3/MPC1/NDUFAB1/ATP6V0C/MTX2/NDUFA8/RETSAT/PDHA1/MRPS15/TOMM22/ACADM/ATP5F1B/NDUFA1/MRPS30/ACO2/ETFDH/ATP6V1C1/CS/SDHC/TIMM13/NDUFS8/MRPL35/NDUFA3/ALDH6A1/PHYH/BDH2/OAT/MRPS11/PHB2/ETFA/ACADVL/ATP6V1H/IMMT/ATP5PD/NDUFS2/AIFM1/FXN/MRPL15/ACAA2/SLC25A20/POLR2F/SUCLG1/NDUFA5/NDUFA7/ECHS1/IDH3A/RHOT1/ATP6V0E1/NDUFV2"
"GOCC_ORGANELLE_INNER_MEMBRANE","GOCC_ORGANELLE_INNER_MEMBRANE","GOCC_ORGANELLE_INNER_MEMBRANE",261,0.375659701442542,1.77716755840814,2.34616848739816e-06,0.00211835202929267,0.00210001384950317,2956,"tags=45%, list=27%, signal=34%","NDUFB4/NDUFB11/TM7SF2/NDUFB7/NDUFB3/MRPL36/MRPS22/NDUFB2/NDUFB5/MRPL37/NDUFB6/MRPS31/CHCHD1/MRPL28/NUTF2/MRPS2/CNP/MRPS21/SQOR/MRPL40/PAM16/TMEM201/MRPS10/NDUFB8/MRPL11/MRPL9/MRPL43/MRPL21/MRPL33/ROMO1/ALDH18A1/LETMD1/SLC25A36/NDUFB10/MRPS18C/NDUFA6/NDUFS4/SLC25A38/TMEM70/NDUFA2/NRM/TIMM9/TIMM50/ATP5F1D/MRPL30/MRPL55/MPC2/MRPL12/MRPS18B/SDHD/MRPL42/ABCB10/ATP5F1C/SLC25A3/MPC1/MRPL54/NDUFAB1/MTX2/MRPL13/NDUFA8/MRPS15/MICU3/DAP3/SLC25A51/MRPS25/ECSIT/NDUFAF2/MRPS9/PLA2G4A/SMDT1/SLC25A40/MICOS10/TYMS/MRPS5/FECH/ATP5F1B/MRPS16/TAMM41/NDUFA1/GUF1/MFSD10/TIMM21/MRPS30/NDUFA11/ETFDH/MRPS18A/LRRK2/IMMP2L/NDUFB9/NDUFAF5/SDHC/NDUFAF1/TIMM13/STOML2/NDUFS8/MRPL35/COQ6/NDUFA10/NDUFA3/TMEM43/NOA1/SUN1/MRPL18/ATP23/SIRT4/WDR93/MRPS11/PHB2/PARL/MRPS27/MRPL39/PTPMT1/ATPSCKMT/MCU/ACADVL/NDUFA12/IMMT"
"RUBENSTEIN_SKELETAL_MUSCLE_T_CELLS","RUBENSTEIN_SKELETAL_MUSCLE_T_CELLS","RUBENSTEIN_SKELETAL_MUSCLE_T_CELLS",93,0.528561649850188,2.16727760082129,2.77568356243847e-06,0.00236773518108119,0.00234723813769833,3629,"tags=63%, list=33%, signal=43%","RPS8/RPL28/RPL23A/RPSA/RPL27A/EIF3E/HSPA8/RPL35/RACK1/RPLP1/RPL29/RPL10A/RPL36/RPL4/CUTA/UXT/RPS20/RPL15/RPLP0/RPL18A/RPS4X/RPL12/RPL32/EIF3L/NOP53/PABPC1/RPL17/RPS3A/RPL5/RPS24/RPL30/RPS19/SARAF/RPL7A/EVL/RPS7/RPL24/TPT1/RPL8/RPS27A/RPLP2/RPL35A/RPL21/RPL23/RPL14/RPL7/EEF1D/EIF2S2/RPL13/HINT1/RPS15/RPS18/EIF3H/RPL13A/RPS16/RPS10/RPL27/RPS5/RPL37"
"RUBENSTEIN_SKELETAL_MUSCLE_SATELLITE_CELLS","RUBENSTEIN_SKELETAL_MUSCLE_SATELLITE_CELLS","RUBENSTEIN_SKELETAL_MUSCLE_SATELLITE_CELLS",150,0.439983229180633,1.9134153700907,3.01785729607404e-06,0.00250473999203075,0.00248305692346393,2911,"tags=48%, list=26%, signal=36%","GLUL/CHRNA1/MIF/DUSP1/EIF3M/RPS8/RBP1/RPL28/RPL23A/RPSA/EIF3E/SNRPE/COPS9/HSPA8/RPL35/RACK1/RPLP1/RPL29/RPL10A/NDUFS4/RPL36/RPL4/DNAJC7/EIF3K/ATP5F1D/UXT/RPS20/RPL15/RPLP0/RPL18A/PSMB7/RPS4X/SLC25A3/RPL12/RPL32/UBXN1/EIF3L/CCT8/NOP53/PABPC1/ESD/ZFYVE21/SMDT1/RPL17/ARF4/RPS3A/RPL5/RPS24/RPL30/RPS19/VAPA/SARAF/CCT3/EEF2/RPL7A/SNRPD1/RPS7/RPL24/NDUFB9/SDHC/DAG1/TIMM13/HSBP1/TPT1/RPL8/RPS27A/NHP2/RAN/RPLP2/RPL35A/RPL21/RPL23"
"KEGG_RIBOSOME","KEGG_RIBOSOME","KEGG_RIBOSOME",70,0.563271471918142,2.18797280343561,3.1567858061186e-06,0.00255109829789727,0.00252901391409297,3629,"tags=66%, list=33%, signal=45%","RPS8/RPL28/RPL23A/RPSA/RPL27A/RPL35/RPLP1/RPL29/RPL10A/RPL36/RPL4/RPS20/RPL15/RPLP0/RPL18A/RPS4X/RPL12/RPL32/MRPL13/RPS11/RPL17/RPS3A/RPL5/RPS24/RPL30/RPS19/RPL7A/RPS7/RPL24/RPL8/RPS27A/RPLP2/RPL35A/RPL21/RPL23/RPL14/RPL7/RPL13/RPS15/RPS18/RPL13A/RPS16/RPS10/RPL27/RPS5/RPL37"
"GOBP_CELLULAR_RESPIRATION","GOBP_CELLULAR_RESPIRATION","GOBP_CELLULAR_RESPIRATION",100,0.504880381112899,2.09820053887707,3.34567511997726e-06,0.00263441890408671,0.00261161322928103,3283,"tags=55%, list=29%, signal=39%","NDUFB4/NDUFB7/NDUFB3/NDUFB2/NDUFB5/NDUFB6/NDUFB8/PRELID1/ANTKMT/IDH2/FH/NDUFB10/NDUFA6/NDUFS4/MDH1/IDH3G/NDUFA2/ATP5F1D/IDH1/AFG1L/TEFM/SDHD/CAT/ATP5F1C/NDUFAB1/NDUFA8/PDHA1/NOP53/SLC25A51/ATP5F1B/NDUFA1/ACO2/ETFDH/CS/IMMP2L/NDUFB9/SDHC/NDUFAF1/STOML2/NDUFS8/NDUFA10/NDUFA3/NOA1/LYRM7/GBA/ATPSCKMT/ETFA/NDUFA12/ATP5PD/SUCLG2/ADSL/NDUFS2/GPD2/ACO1/FXN"
"GOBP_ELECTRON_TRANSPORT_CHAIN","GOBP_ELECTRON_TRANSPORT_CHAIN","GOBP_ELECTRON_TRANSPORT_CHAIN",67,0.57224307259019,2.21836060939981,3.88435948008502e-06,0.00298211988184827,0.00295630422430365,3246,"tags=63%, list=29%, signal=45%","NDUFB4/NDUFB7/NDUFB3/NDUFB2/NDUFB5/NDUFB6/NDUFB8/DHRS3/QDPR/NDUFB10/NDUFA6/NDUFS4/NDUFA2/ME2/AFG1L/PHGDH/CIAPIN1/SDHD/NDUFAB1/NDUFA8/SLC25A51/NDUFA1/ETFDH/ALDH4A1/IMMP2L/NDUFB9/SDHC/NDUFAF1/NDUFS8/NDUFA10/NDUFA3/GSR/GBA/WDR93/ETFA/NDUFA12/GLRX2/PDIA5/NDUFS2/ADH5/NDOR1/GPD2"
"GSE2405_0H_VS_9H_A_PHAGOCYTOPHILUM_STIM_NEUTROPHIL_DN","GSE2405_0H_VS_9H_A_PHAGOCYTOPHILUM_STIM_NEUTROPHIL_DN","GSE2405_0H_VS_9H_A_PHAGOCYTOPHILUM_STIM_NEUTROPHIL_DN",111,0.482496979215414,2.0347600298798,4.41143212799211e-06,0.00330416266386609,0.00327555914181411,3629,"tags=58%, list=33%, signal=39%","NDUFB6/KPNA2/CDC123/NUTF2/CNP/PAM16/RPS8/CDK2AP1/RPL28/RPL23A/RPSA/RPL27A/PSMA1/DYNLT1/HSPA8/CSNK2B/RPL35/RACK1/EIF3I/EIF4G2/RPL36/RPL4/MRPL30/ARPC3/YBX1/RPLP0/RPL18A/SDHD/RPS4X/ATP5F1C/RPL12/EEF1G/RPS11/MCM7/RPL17/RPS3A/RPL5/RPL30/RPS19/NDUFA1/RPL7A/RPS7/RPL24/TPT1/RAN/RPLP2/RPL23/KXD1/ARPC2/RPL14/SMARCC2/RPL7/PCNA/RPL13/HINT1/RPS18/EIF3H/RPL13A/RPS16/TXN/RPS10/RPL27/RPS5/RPL37"
"GOMF_ELECTRON_TRANSFER_ACTIVITY","GOMF_ELECTRON_TRANSFER_ACTIVITY","GOMF_ELECTRON_TRANSFER_ACTIVITY",47,0.634534706507469,2.30900319464249,4.78205369221155e-06,0.00349647825795534,0.00346620989555013,3232,"tags=70%, list=29%, signal=50%","NDUFB4/NDUFB7/NDUFB3/NDUFB2/NDUFB5/NDUFB6/NDUFB8/DHRS3/QDPR/NDUFB10/NDUFA6/NDUFS4/NDUFA2/ME2/PHGDH/CIAPIN1/SDHD/NDUFA8/NDUFA1/ETFDH/ALDH4A1/NDUFB9/SDHC/NDUFS8/NDUFA10/NDUFA3/GSR/ETFA/NDUFA12/GLRX2/NDUFS2/ADH5/NDOR1"
"REACTOME_RESPONSE_OF_EIF2AK4_GCN2_TO_AMINO_ACID_DEFICIENCY","REACTOME_RESPONSE_OF_EIF2AK4_GCN2_TO_AMINO_ACID_DEFICIENCY","REACTOME_RESPONSE_OF_EIF2AK4_GCN2_TO_AMINO_ACID_DEFICIENCY",75,0.545107870628876,2.14621073300531,6.55062573077592e-06,0.00448740853607946,0.00444856187443606,3629,"tags=64%, list=33%, signal=43%","RPS8/RPL28/RPL23A/RPSA/RPL27A/RPL35/RPLP1/RPL29/RPL10A/RPL36/RPL4/RPS20/RPL15/RPLP0/RPL18A/RPS4X/RPL12/RPL32/RPS11/RPL17/RPS3A/RPL5/RPS24/RPL30/RPS19/EIF2AK4/RPL7A/RPS7/RPL24/RPL8/RPS27A/RPLP2/RPL35A/RPL21/RPL23/EIF2S1/RPL14/RPL7/EIF2S2/RPL13/RPS15/RPS18/RPL13A/RPS16/RPS10/RPL27/RPS5/RPL37"
"GNF2_EIF3S6","GNF2_EIF3S6","GNF2_EIF3S6",90,0.513361911967284,2.08144559876469,6.57570693033234e-06,0.00448740853607946,0.00444856187443606,3629,"tags=60%, list=33%, signal=41%","RPS8/RPL28/RPL23A/RPSA/RPL27A/EIF3E/RPL35/RACK1/RPL29/RPL10A/RPL36/RPL4/EIF3K/UXT/RPS20/RPL15/RPL18A/RPS4X/RPL12/RPL32/EEF1G/EIF3L/DAP3/NOL11/NSA2/PABPC1/RPL17/RPS3A/RPL5/RPS24/RPL30/RPS19/RPL7A/RPS7/RPL24/RPL8/RBBP6/RPLP2/RPL35A/RPL21/RPL23/INTS8/RPL14/RPL7/RPL13/RPS15/RPS18/EIF3H/RPL13A/RPS16/CDV3/RPS10/RPL27/RPL37"
"MOOTHA_MITOCHONDRIA","MOOTHA_MITOCHONDRIA","MOOTHA_MITOCHONDRIA",231,0.382862161825885,1.77027864174662,6.28933478473545e-06,0.00448740853607946,0.00444856187443606,3823,"tags=55%, list=34%, signal=37%","HPS1/WARS2/NDUFB4/NDUFB7/NDUFB3/MRPS22/NDUFB2/NDUFB5/NDUFB6/MRPS31/MRPL28/TOMM70/MRPS2/PAM16/MRPS10/NDUFB8/MRPL11/IMP3/MYCBP/MRPL9/MRPL33/GOT2/ACP6/METTL17/MBD3/IDH2/HAX1/FH/SLC25A36/MLYCD/MRPS18C/NDUFA6/NDUFS4/SLC25A38/NDUFA2/TIMM9/ABAT/G6PD/ME2/ATP5F1D/MRPL12/MRPS18B/RPAIN/SDHD/TK2/MRPL42/CAT/MCAT/ATP5F1C/SLC25A3/NDUFAB1/MTX2/MRPL13/NDUFA8/PDHA1/MRPS15/PC/DCTN6/DAP3/TOMM22/TBCB/ACADM/SLC25A40/FECH/ATP5F1B/MRPS16/NDUFA1/FARS2/POLRMT/MRPS30/ACO2/ETFDH/ALDH4A1/CS/MRPS18A/SDHC/PCCB/TIMM13/NDUFS8/MRPL35/NDUFA10/NDUFA3/POLR1B/MRPL18/POLR3B/RAN/OAT/SIRT4/MRPS11/AMACR/MRPS27/MRPL39/ETFA/ACADVL/IMMT/ATP5PD/TIMM23/SARDH/FARSA/MRPS35/NDUFS2/FDXR/AIFM1/GPD2/FXN/MRPL15/CLN3/ACAA2/GCDH/NCAPH2/SLC25A20/ACAD8/MRPS28/SUCLG1/TOMM40/TFB1M/SOD2/SLC25A17/NDUFA5/NDUFA7/SPG7/ECHS1/IDH3A/POLG2/CROT/NDUFV2/MRPS17/MRPL22"
"REACTOME_EUKARYOTIC_TRANSLATION_ELONGATION","REACTOME_EUKARYOTIC_TRANSLATION_ELONGATION","REACTOME_EUKARYOTIC_TRANSLATION_ELONGATION",73,0.556602858864223,2.18611365941119,7.74400432963979e-06,0.0051697962817154,0.00512504231619021,3629,"tags=66%, list=33%, signal=45%","RPS8/RPL28/RPL23A/RPSA/RPL27A/RPL35/RPLP1/RPL29/RPL10A/RPL36/RPL4/RPS20/RPL15/RPLP0/RPL18A/RPS4X/RPL12/RPL32/EEF1G/RPS11/RPL17/RPS3A/RPL5/RPS24/RPL30/RPS19/EEF2/RPL7A/RPS7/RPL24/RPL8/RPS27A/RPLP2/RPL35A/RPL21/RPL23/RPL14/RPL7/EEF1D/RPL13/RPS15/RPS18/RPL13A/RPS16/RPS10/RPL27/RPS5/RPL37"
"REACTOME_THE_CITRIC_ACID_TCA_CYCLE_AND_RESPIRATORY_ELECTRON_TRANSPORT","REACTOME_THE_CITRIC_ACID_TCA_CYCLE_AND_RESPIRATORY_ELECTRON_TRANSPORT","REACTOME_THE_CITRIC_ACID_TCA_CYCLE_AND_RESPIRATORY_ELECTRON_TRANSPORT",88,0.509239645652763,2.06120568365772,1.00629801397857e-05,0.00630661341046287,0.00625201823034895,2585,"tags=47%, list=23%, signal=36%","NDUFB4/NDUFB11/NDUFB7/NDUFB3/NDUFB2/NDUFB5/NDUFB6/NDUFB8/IDH2/FH/GLO1/NDUFB10/NDUFA6/NDUFS4/IDH3G/NDUFA2/ME2/ATP5F1D/PDP1/MPC2/SDHD/ATP5F1C/MPC1/NDUFAB1/NDUFA8/PDHA1/ECSIT/NDUFAF2/ATP5F1B/NDUFA1/ACO2/NDUFA11/ETFDH/CS/NDUFB9/NDUFAF5/SDHC/NDUFAF1/NDUFS8/NDUFA10/NDUFA3"
"TRAVAGLINI_LUNG_BRONCHIAL_VESSEL_1_CELL","TRAVAGLINI_LUNG_BRONCHIAL_VESSEL_1_CELL","TRAVAGLINI_LUNG_BRONCHIAL_VESSEL_1_CELL",99,0.489317354712726,2.0323742780126,9.96619956437387e-06,0.00630661341046287,0.00625201823034895,2911,"tags=48%, list=26%, signal=36%","CDA/RPS8/RPL28/RPL23A/RPSA/RPL27A/EIF3E/ENPP2/SNRPE/PALMD/RPL35/RPLP1/RPL29/RPL10A/TMEM70/RPL36/RPL4/UXT/RPS20/RPL15/RPLP0/RPL18A/LYRM1/RPS4X/RPL12/RPL32/PABPC1/RPS3A/RPL5/RPS24/RPL30/RPS19/EEF2/DUSP23/EVL/SNRPD1/EIF3G/RPS7/RPL24/UGCG/TPT1/RPL8/RPS27A/NHP2/RPLP2/RPL35A/RPL21/RPL23"
"MOOTHA_HUMAN_MITODB_6_2002","MOOTHA_HUMAN_MITODB_6_2002","MOOTHA_HUMAN_MITODB_6_2002",227,0.381764416307791,1.75997332906886,1.00259553352162e-05,0.00630661341046287,0.00625201823034895,3823,"tags=54%, list=34%, signal=36%","HPS1/WARS2/NDUFB4/NDUFB7/NDUFB3/MRPS22/NDUFB2/NDUFB5/NDUFB6/MRPS31/AGXT/TOMM70/MRPS2/MRPS10/NDUFB8/MRPL11/MRPL9/MRPL33/GOT2/ACP6/MBD3/ALDH18A1/IDH2/HAX1/FH/MLYCD/MRPS18C/NDUFA6/NDUFS4/IDH3G/NDUFA2/TIMM9/REXO2/ABAT/ME2/ATP5F1D/PDP1/SHMT1/MRPL12/MRPS18B/SDHD/TK2/MRPL42/ATP5F1C/SLC25A3/NDUFAB1/MRPL13/NDUFA8/PDHA1/MRPS15/PC/DAP3/TOMM22/TBCB/ACADM/SLC25A40/FECH/ATP5F1B/RPS3A/GOT1/MRPS16/NDUFA1/FARS2/POLRMT/MRPS30/ACO2/ETFDH/ALDH4A1/CS/MRPS18A/SDHC/PCCB/TIMM13/NDUFS8/MRPL35/NDUFA10/NDUFA3/GSR/MRPL18/OGG1/OAT/RPLP2/MRPS11/AMACR/MRPS27/MRPL39/ETFA/ACADVL/IMMT/BLVRA/ATP5PD/TIMM23/SARDH/FARSA/MRPS35/NDUFS2/FDXR/AIFM1/GPD2/FXN/MRPL15/CLN3/ACAA2/GCDH/NCAPH2/SLC25A20/ACAD8/MRPS28/SUCLG1/TXN/TOMM40/TFB1M/SOD2/SLC25A17/NDUFA5/NDUFA7/SPG7/ECHS1/IDH3A/POLG2/NDUFV2/MRPS17/MRPL22"
"GOCC_INNER_MITOCHONDRIAL_MEMBRANE_PROTEIN_COMPLEX","GOCC_INNER_MITOCHONDRIAL_MEMBRANE_PROTEIN_COMPLEX","GOCC_INNER_MITOCHONDRIAL_MEMBRANE_PROTEIN_COMPLEX",70,0.547890556918424,2.12822714723055,1.05774213747158e-05,0.00649644065992295,0.00644020218059276,3062,"tags=61%, list=27%, signal=45%","NDUFB4/NDUFB11/NDUFB7/NDUFB3/NDUFB2/NDUFB5/NDUFB6/PAM16/NDUFB8/ROMO1/NDUFB10/NDUFA6/NDUFS4/NDUFA2/TIMM9/TIMM50/ATP5F1D/SDHD/ATP5F1C/NDUFAB1/MTX2/NDUFA8/MICU3/SMDT1/MICOS10/ATP5F1B/NDUFA1/TIMM21/NDUFA11/IMMP2L/NDUFB9/SDHC/NDUFAF1/NDUFS8/NDUFA10/NDUFA3/WDR93/PHB2/MCU/NDUFA12/IMMT/ATP5PD/TIMM23"
"STARK_PREFRONTAL_CORTEX_22Q11_DELETION_DN","STARK_PREFRONTAL_CORTEX_22Q11_DELETION_DN","STARK_PREFRONTAL_CORTEX_22Q11_DELETION_DN",254,0.370659016491317,1.74352340169828,1.19723838339554e-05,0.00720901833641053,0.00714661120457842,3715,"tags=50%, list=33%, signal=34%","ERI3/NDUFB4/NDUFB11/TM7SF2/MRPS22/NDUFB2/KPNA2/SEC61B/CHCHD1/MRPL28/SERF2/MRPL40/RARS1/ACOT13/SRA1/MRPL11/SAC3D1/PRELID1/SMIM4/SUMO1/ROMO1/EIF2B4/FH/GPATCH8/NDUFB10/SNRPC/NDUFS4/SEC22B/EIF4G2/GINS4/IDH3G/NDUFA2/RPL4/EIF3K/PPT1/IDH1/TXNDC17/DYNLRB1/MRPL55/CYHR1/LRPAP1/MPC2/COMMD8/RPL15/MPI/RANBP1/PSMB3/MRPL42/ATP5F1C/TMEM147/CEP19/PSMB6/NUDC/NDUFA8/SMIM7/EIF3L/DCTN6/DAP3/TPI1/MCTS1/BUD31/MICOS10/STIP1/ELOF1/RPL5/NAXE/FKBP3/CCT3/EMC2/NTAN1/DENR/SDHAF3/NDUFA11/JKAMP/COPS6/FNTA/NIFK/MRPS18A/CWF19L1/MED28/NDUFS8/TRMT112/AP2M1/SARS1/PSMA3/RPL8/FIG4/OAT/MRPS11/PSMA5/POMP/WDR82/UFSP2/NDUFA12/KXD1/CACYBP/BLVRA/ATP5PD/EIF2S1/PRAF2/LAMTOR1/TIMM23/RTRAF/MRPS23/SMARCB1/ZSWIM7/ADH5/ABT1/PSMC4/GDE1/MRPL15/MVD/HAGH/TRIR/EIF3H/DDX56/PSMG2/SLC25A20/METTL26/MRPS28/TXN/PSMC1/MKKS/PSMD14/USP34/TUBG1/INIP/NDUFA7"
"MOOTHA_VOXPHOS","MOOTHA_VOXPHOS","MOOTHA_VOXPHOS",39,0.661077646643679,2.32045981438001,1.37832638165566e-05,0.0081398124719738,0.00806934762831244,2585,"tags=62%, list=23%, signal=47%","NDUFB4/NDUFB7/NDUFB3/NDUFB2/NDUFB5/NDUFB6/NDUFB8/MBD3/NDUFA6/NDUFS4/TMCO6/NDUFA2/ATP5F1D/SDHD/ATP5F1C/NDUFAB1/NDUFA8/TBCB/ATP5F1B/NDUFA1/SDHC/NDUFS8/NDUFA10/NDUFA3"
"GOCC_CYTOSOLIC_RIBOSOME","GOCC_CYTOSOLIC_RIBOSOME","GOCC_CYTOSOLIC_RIBOSOME",76,0.536530937065231,2.1243860613538,1.51872600646561e-05,0.00879972772312311,0.00872355011578788,3629,"tags=62%, list=33%, signal=42%","RPS8/RPL28/RPL23A/RPSA/RPL27A/RPL35/RPLP1/RPL29/RPL10A/RPL36/RPL4/RPS20/RPL15/RPLP0/RPL18A/RPS4X/RPL12/RPL32/RPS11/RPL17/RPS3A/RPL5/RPS24/RPL30/RPS19/EIF2AK4/RPL7A/RPS7/RPL24/RPL8/RPS27A/RPLP2/RPL35A/MRPS11/RPL21/RPL23/RPL14/RPL7/RPL13/RPS15/RPS18/RPL13A/RPS16/RPS10/RPL27/RPS5/RPL37"
